Model,Data,MSE,MAE,R^2
Linear Regression,Train,1427.0020056125798,22.32110734298641,0.9218226006333158
Linear Regression,Test,4379.231956634306,36.319128064855605,0.9163641823768056
Linear Regression,Cross Validation,2833.300020190931,26.864245458684884,0.8180863325896752
