Model,Data,MSE,MAE,R^2
Best_estimator,Train,891.8874650140185,17.439470059296283,0.9511385111805719
Best_estimator,Test,2167.6552696427607,29.267530359652817,0.9586015030496049
Best_estimator,Cross Validation,3214.5135674729618,26.04827066907899,0.8244245972259143
